<?xml version="1.0" encoding="UTF-8" standalone="no"?><tr:pub-pt xmlns:tr="http://www.lexisnexis.com/namespace/sslrp/tr" xmlns:core="http://www.lexisnexis.com/namespace/sslrp/core" xmlns:di="http://www.lexisnexis.com/namespace/sslrp/di" xmlns:em="http://www.lexisnexis.com/namespace/sslrp/em" xmlns:fm="http://www.lexisnexis.com/namespace/sslrp/fm" xmlns:fn="http://www.lexisnexis.com/namespace/sslrp/fn" xmlns:form="http://www.lexisnexis.com/namespace/sslrp/form" xmlns:glph="http://www.lexisnexis.com/namespace/sslrp/glph" xmlns:in="http://www.lexisnexis.com/namespace/sslrp/in" xmlns:lnb-case="http://www.lexisnexis.com/namespace/case/lnb-case" xmlns:lnb-leg="http://www.lexisnexis.com/namespace/sslrp/lnb-leg" xmlns:lnbdig-case="http://www.lexisnexis.com/namespace/digest/lnbdig-case" xmlns:lnci="http://www.lexisnexis.com/namespace/common/lnci" xmlns:ls="http://www.lexisnexis.com/namespace/sslrp/ls" xmlns:m="http://www.w3.org/1998/Math/MathML" xmlns:nl="http://www.lexisnexis.com/namespace/sslrp/nl" xmlns:pnfo="http://www.lexisnexis.com/namespace/sslrp/pnfo" xmlns:ps="http://www.lexisnexis.com/namespace/sslrp/ps" xmlns:pu="http://www.lexisnexis.com/namespace/sslrp/pu" xmlns:se="http://www.lexisnexis.com/namespace/sslrp/se" xmlns:su="http://www.lexisnexis.com/namespace/sslrp/su" lni="5TX4-Y4Y0-R03K-X0T7-00000-00" pub-acronym="CPP" volnum="Binder_01/Part_1"> <core:desig value="I">Part I</core:desig> <core:title>Narrative Testing</core:title> <tr:ch> <core:desig value="10">Chapter 10</core:desig> <core:title>Representation and Participation of P<fn:footnote fr="1"> <core:para>For more detailed consideration in welfare cases in particular, see Series, Fennell and Doughty ‘The Participation of P in Welfare Cases in the Court of Protection’ (2017) available at: <core:url address="sites.cardiff.ac.uk/wccop/" type="http">http://sites.cardiff.ac.uk/wccop/</core:url> </core:para> </fn:footnote> </core:title> <!--?xpp chap_1_ent_1570?--> <tr:secmain> <core:title>Background</core:title> <core:para edpnum-start="1.1307">Section 4(4) of MCA 2005 <core:emph typestyle="bf">places</core:emph> P's participation at the heart of the decision-making process. It provides that a decision-maker:</core:para> <core:blockquote> <core:para> ‘must, so far as reasonably practicable, permit and encourage the person to participate, or to improve his ability to participate, as fully as possible in any act done for him and any decision affecting him.’</core:para> </core:blockquote> <core:para edpnum-start="1.1308">The participation and representation of P in Court of Protection proceedings is an issue that has come to the fore in recent years. It garnered momentum as a result of the Supreme Court's decision in <core:emph typestyle="it">P v Cheshire West and Chester Council</core:emph>,<fn:footnote fr="1"> <core:para> <lnci:cite type="case"> <lnci:content>[2014] UKSC 19</lnci:content> </lnci:cite>, <lnci:cite type="case"> <lnci:content>[2014] AC 896</lnci:content> </lnci:cite>.</core:para> </fn:footnote> which led to a significant increase in the number of applications to the Court of Protection for judicial authorisation of deprivations of liberty outside care homes and hospitals. The question then arose as to whether the person concerned had to be a party to such proceedings in all cases and, if they were not to be a party, how their participation could be sufficiently ensured so as to secure their rights under ECHR, Art 5.<fn:footnote fr="2"> <core:para> <core:emph typestyle="it">Re X</core:emph> <lnci:cite type="case"> <lnci:content>[2014] EWCOP 25</lnci:content> </lnci:cite> and <lnci:cite type="case"> <lnci:content>[2014] EWCOP 37</lnci:content> </lnci:cite>.</core:para> </fn:footnote> </core:para> <core:para edpnum-start="1.1309">The ad hoc Rules Committee that met in late 2014/early 2015 with a remit to focus on the most pressing issues identified as requiring changes in the practice and procedures of the Court of Protection devoted much of its energies to addressing the participation of P. The result was the amendments introduced by the Court of Protection (Amendment) Rules (COP(A)R) 2015, including r 3A, which required in each case the court to consider, either on its own initiative or on the application of any person, whether it should make one or more directions relating to P's participation from a ‘menu’ of options provided by the rule. With effect from 1 December 2017, the former r 3A is to be found in COPR 2017, r 1.2.</core:para> <core:para>The menu of options for P's participation includes:</core:para> <core:list type="lower-alpha"> <core:listitem> <core:para>P being a party;<fn:footnote fr="1"> <core:para>COPR 2017, r 1.2(2)(a).</core:para> </fn:footnote> </core:para> </core:listitem> <core:listitem> <core:para>P's participation being secured by the appointment of an accredited legal representative (ALR) to represent P in the proceedings and to discharge such other functions as the court may direct;<fn:footnote fr="2"> <core:para>COPR 2017, r 1.2(2)(b).</core:para> </fn:footnote> </core:para> </core:listitem> <core:listitem> <core:para>P's participation being secured by the appointment of a representative whose primary function is to give P a ‘voice’ by relaying information as to P's wishes and feelings;<fn:footnote fr="3"> <core:para>COPR 2017, r 1.2(2)(c).</core:para> </fn:footnote> </core:para> </core:listitem> <core:listitem> <core:para>Specific provision for P to address (directly or indirectly) the judge determining the application;<fn:footnote fr="4"> <core:para>COPR 2017, r 1.2(2)(d).</core:para> </fn:footnote> or</core:para> </core:listitem> <core:listitem> <core:para>No direction or an alternative direction (meeting the overriding objective) if P's interests and position can properly be secured.<fn:footnote fr="5"> <core:para>COPR 2017, r 1.2(2)(e).</core:para> </fn:footnote> </core:para> </core:listitem> </core:list> <core:para edpnum-start="1.1310">Which of the directions set out above is a decision for the court having regard to: (a) the nature and extent of the information before the court;<fn:footnote fr="1"> <core:para>COPR 2017, r 1.2(1)(a).</core:para> </fn:footnote> (b) the issues raised in the case;<fn:footnote fr="2"> <core:para>COPR 2017, r 1.2(1)(b).</core:para> </fn:footnote> (c) whether a matter is contentious;<fn:footnote fr="3"> <core:para>COPR 2017, r 1.2(1)(c).</core:para> </fn:footnote> and (d) whether P has been notified in accordance with the provisions of COPR 2017, Pt 7 and what, if anything, P has said or done in response to such notification.<fn:footnote fr="4"> <core:para>COPR 2017, r 1.2(1)(d).</core:para> </fn:footnote> In practice, a further important consideration is the limited availability of funding for representatives (or whatever kind). This has become a particular issue in relation to applications for authorisation of deprivation of liberty.</core:para> <core:para edpnum-start="1.1311">Rule 1.2 is supplemented by PD1A – Participation of P. The PD comments that as a result of r 1.2, the court ‘is both enabled and required to tailor the provision it directs for P's participation and representation to the circumstances of the individual case’.<fn:footnote fr="1"> <core:para>Para 6.</core:para> </fn:footnote> </core:para> <core:para>In March 2017, the Law Commission recommended a series of amendments to the MCA primarily aimed at reforming the existing deprivation of liberty safeguards (DoLS) in Sch A1 of the MCA. However, as part of wider reforms of the MCA, the Law Commission also recommended the introduction of an additional mechanism to protect Art 8 rights and greater weight to be placed on P’s wishes and feelings in the decision-making process. The Law Commission recommended that s 4 of the MCA should be amended to establish that decision-makers should begin with the assumption that the person’s past and present wishes and feelings should be determinative of the best interests decision. These wider reforms were not taken forward in the Mental Capacity (Amendment) Bill as introduced into the House of Lords. The Bill was, however, amended during its passage through Parliament so as to strengthen P’s rights compared with the Bill as introduced, including the insertion of a provision of a right to information<fn:footnote fr="2"> <core:para>Now contained in Schedule AA1, para 14 of the MCA as inserted by Mental Capacity (Amendment) Act 2019, s 4A(5).</core:para> </fn:footnote> and to be consulted as part of the assessment process.<fn:footnote fr="3"> <core:para>Now contained in Schedule AA1, para 23(2)(a) of the MCA as inserted by Mental Capacity (Amendment) Act 2019, s 4A(5).</core:para> </fn:footnote> </core:para> <!--?xpp chap_1_ent_1571?--> </tr:secmain> <tr:secmain> <core:title>Party status</core:title> <core:para edpnum-start="1.1312">The default position is that P is not joined as a party to the proceedings unless the court orders otherwise.<fn:footnote fr="1"> <core:para>COPR 2017, r 9.13.</core:para> </fn:footnote> This does not mean that P will be excluded from the proceedings as MCA 2005, s 4(4) requires a decision-maker to, as far as reasonably practicable, permit and encourage P to participate as fully as possible in any decision affecting him, and r 1.2 obliges the court to consider P's position in proceedings. In non-contentious property and affairs matters, PD1A envisages that in many cases no sort of representation will be needed where there is a need to preserve P's resources because ‘experience has shown that they can be dealt with on paper and without joining P as a party or appointing anyone to represent P’.<fn:footnote fr="2"> <core:para>Para 3.</core:para> </fn:footnote> </core:para> <core:para edpnum-start="1.1313">However, the question of P's party status remains controversial especially in welfare cases. The recent case of <core:emph typestyle="it">DR v Lithuania,</core:emph> <fn:footnote fr="1"> <core:para> <lnci:cite type="case"> <lnci:content>[2018] ECHR 548</lnci:content> </lnci:cite> (European Court of Human Rights (Fourth Section)).</core:para> </fn:footnote> the European Court of Human Rights emphasised the importance of respecting P's wish to participate in proceedings. The case concerned a woman who was detained for compulsory psychiatric treatment for chronic schizoaffective disorder with a type of mania. Although she was legally represented in proceedings, she was effectively excluded from personally participating in the proceedings:</core:para> <core:blockquote> <core:para>‘91… the Court understands that the proceedings in question concerned the assessment of the applicant's mental condition, and thus she was not only an interested party, but also the main object of the court's examination. Her participation was therefore necessary not only to enable her to present her own case, but also to allow the judge to form a personal opinion about her mental capacity… It further notes that there is no indication that at the relevant time the applicant's mental condition was of such a degree that her personal participation in the proceedings would have been meaningless… The Court finds it particularly important to note that the applicant sent a letter to the Taurage District Court, asking to be given an opportunity to attend the hearing in her case… However, she did not receive any response from the court. No reasons – medical or otherwise – for disregarding the applicant's wish to participate at the hearing were provided in the Taurage District Court's decision… The Government were unable to provide an explanation as to why the Taurage District Court had not replied to the applicant's letter…’</core:para> </core:blockquote> <core:para edpnum-start="1.1314">In their obiter remarks in the Court of Appeal,<fn:footnote fr="1"> <core:para>[2015] EWCA Civ 599.</core:para> </fn:footnote> Black LJ and Gloucester LJ disagreed with Sir James Munby P's analysis. Black LJ stated that ‘no other example could be found of an adult whose liberty was in question in proceedings before a court or tribunal not being automatically a party to those proceedings'.<fn:footnote fr="2"> <core:para>[2015] EWCA Civ 599 at [106].</core:para> </fn:footnote> Black LJ observed that ‘it is generally considered indispensable in this country for the person's whose liberty is at stake automatically to be a party to the proceedings in which the issue is to be decided’.<fn:footnote fr="3"> <core:para>[2015] EWCA Civ 599.</core:para> </fn:footnote> </core:para> <core:para edpnum-start="1.1315">In <core:emph typestyle="it">HSE Ireland v PD</core:emph>,<fn:footnote fr="1"> <core:para> <lnci:cite type="case"> <lnci:content>[2015] EWCOP 48</lnci:content> </lnci:cite>.</core:para> </fn:footnote> Baker J considered the Court of Appeal's ‘clear statements of principle’ to ‘serve as a strong reminder of the importance to be attached to ensuring that P's voice is heard on any application where deprivation of liberty is in issue’. Nevertheless, the requirement that P be joined as a party for all applications for authorisation of a non-contested deprivation of liberty was deeply problematic given the insufficiency of funding to secure representation and the shortage of litigation friends to instruct representatives on behalf of P.</core:para> <core:para edpnum-start="1.1316">In <core:emph typestyle="it">Re NRA</core:emph>,<fn:footnote fr="1"> <core:para> <core:emph typestyle="it">HSE Ireland v PD</core:emph> <lnci:cite type="case"> <lnci:content>[2015] EWCOP 48</lnci:content> </lnci:cite> at [31].</core:para> </fn:footnote> Charles J freely acknowledged that:</core:para> <core:blockquote> <core:para>‘the instinctive reaction of most English and Welsh lawyers would be that P must be a party to all proceedings in the Court of Protection because necessarily the orders directly affect his or her welfare or property and affairs and so he or she needs to be bound by them and have a say in what they should contain. Indeed, this was my starting point when the COP Rules were originally drafted.’<fn:footnote fr="2"> <core:para> <core:emph typestyle="it">Re NRA &amp; Ors</core:emph> <lnci:cite type="case"> <lnci:content>[2015] EWCOP 59</lnci:content> </lnci:cite> at [34].</core:para> </fn:footnote> </core:para> </core:blockquote> <core:para edpnum-start="1.1317">However, notwithstanding this instinctive reaction, Charles J was alive to the practical consequences of the conclusion that P needed to be joined as a party to all non-contentious applications for deprivation of liberty given the cost implications and the shortage of litigation friends to represent P. The solution adopted in <core:emph typestyle="it">Re NRA</core:emph> <fn:footnote fr="1"> <core:para> <lnci:cite type="case"> <lnci:content>[2015] EWCOP 59</lnci:content> </lnci:cite>.</core:para> </fn:footnote> and subsequently in <core:emph typestyle="it">Re JM</core:emph> <fn:footnote fr="2"> <core:para> <lnci:cite type="case"> <lnci:content>[2016] EWCOP 15</lnci:content> </lnci:cite>.</core:para> </fn:footnote> is that P is not joined as a party but a representative (whether an accredited legal representative or a r 1.2 representative) plays a central role. Where no representative can be identified to represent P, the Court of Protection may appoint a general visitor to prepare a report under section 49 of the Mental Capacity Act 2005 to elicit P's wishes and feelings, consider the pros and cons of a care package and whether it was the least restrictive available option, and keep the care package under review and raise points relating to it together with changes in P's behaviour or health, in order to secure compliance with Article 5 ECHR.<fn:footnote fr="3"> <core:para>Re KT &amp; Ors <lnci:cite type="case"> <lnci:content>[2018] EWCOP 1</lnci:content> </lnci:cite>, <lnci:cite type="case"> <lnci:content>[2018] COPLR 185</lnci:content> </lnci:cite>.</core:para> </fn:footnote> </core:para> <core:para edpnum-start="1.1318">Even if P is not made a party to the proceedings, P must generally be notified of the following matters relating to an application governed by COPR 2017, Pt 7:</core:para> <core:list type="lower-alpha"> <core:listitem> <core:para>where the Court of Protection has given directions under r 1.2 that a litigation friend, accredited legal representative or ‘Rule 1.2 representative’ has been appointed;<fn:footnote fr="1"> <core:para>COPR 2017, r 7.3.</core:para> </fn:footnote> </core:para> </core:listitem> <core:listitem> <core:para>that an application has been issued by the Court of Protection,<fn:footnote fr="2"> <core:para>COPR 2017, r 7.4(1)(a).</core:para> </fn:footnote> or withdrawn,<fn:footnote fr="3"> <core:para>COPR 2017, r 7.4(1)(b).</core:para> </fn:footnote> and the date and location of any hearing;<fn:footnote fr="4"> <core:para>COPR 2017, r 7.4(1)(c).</core:para> </fn:footnote> </core:para> </core:listitem> <core:listitem> <core:para>the identity of the applicant,<fn:footnote fr="5"> <core:para>COPR 2017, r 7.4(2)(a).</core:para> </fn:footnote> that the application raises the question of whether P lacks capacity in relation to a matter or matters, and what that means,<fn:footnote fr="6"> <core:para>COPR 2017, r 7.4(2)(b).</core:para> </fn:footnote> what will happen if the court makes the order or direction that has been applied for,<fn:footnote fr="7"> <core:para>COPR 2017, r 7.4(2)(c).</core:para> </fn:footnote> and whether it contains any proposals for the appointment of a deputy to make decision on the person's behalf;<fn:footnote fr="8"> <core:para>COPR 2017, r 7.4(2)(d).</core:para> </fn:footnote> </core:para> </core:listitem> <core:listitem> <core:para>if the application is withdrawn, then the consequences of the withdrawal must be explained to the person;<fn:footnote fr="9"> <core:para>COPR 2017, r 7.4(3).</core:para> </fn:footnote> </core:para> </core:listitem> <core:listitem> <core:para>that P may seek advice and assistance in relation to any matter of which he is notified;<fn:footnote fr="10"> <core:para>COPR 2017, r 7.4(4).</core:para> </fn:footnote> </core:para> </core:listitem> <core:listitem> <core:para>if the court makes any decision relating to P, other than case management directions,<fn:footnote fr="11"> <core:para>COPR 2017, r 7.6(1).</core:para> </fn:footnote> the effect of the decision must be explained to P,<fn:footnote fr="12"> <core:para>COPR 2017, r 7.6(2).</core:para> </fn:footnote> P must be informed that he may seek advice and assistance,<fn:footnote fr="13"> <core:para>COPR 2017, r 7.6(3).</core:para> </fn:footnote> and P must be provided with a copy of the order;<fn:footnote fr="14"> <core:para>COPR 2017, r 7.6(4).</core:para> </fn:footnote> </core:para> </core:listitem> <core:listitem> <core:para>any other matters that the court directs.<fn:footnote fr="15"> <core:para>COPR 2017, r 7.7.</core:para> </fn:footnote> </core:para> </core:listitem> </core:list> <core:para>P must also be notified of similar matters in relation to any appeal.<fn:footnote fr="16"> <core:para>COPR 2017, r 7.5.</core:para> </fn:footnote> </core:para> <core:para edpnum-start="1.1319">Notification must be effected by the applicant (or appellant) or an agent appointed by them, or by ‘such other person as the court may direct’.<fn:footnote fr="1"> <core:para>COPR 2017, r 7.2.</core:para> </fn:footnote> The person notifying P of the relevant matter must ‘provide P, or arrange for P to be provided, with the information specified … in a way that is appropriate to P's circumstances (for example, using simple language, visual aids or any other appropriate means)’.<fn:footnote fr="2"> <core:para>COPR 2017, r 7.8(1).</core:para> </fn:footnote> This must be provided to P ‘personally’, as soon as practicable and within 14 days of the relevant matter.<fn:footnote fr="3"> <core:para>COPR 2017, r 7.8(2) and (3).</core:para> </fn:footnote> The person effecting notification must file a certificate of notification with the court.<fn:footnote fr="4"> <core:para>COPR 2017, r 7.10(1).</core:para> </fn:footnote> This certificate must state when and how the person was notified<fn:footnote fr="5"> <core:para>COPR 2017, r 7.10(1)(a).</core:para> </fn:footnote> and ‘the steps taken to enable P to understand, and the extent to which P appears to have understood, the information’.<fn:footnote fr="6"> <core:para>COPR 2017, r 7.10(2).</core:para> </fn:footnote> </core:para> <core:para edpnum-start="1.1320">There is a general requirement to notify P, the court may direct that P must not be notified of some or any matter, or provided with any document.<fn:footnote fr="1"> <core:para>COPR 2017, r 7.1(3).</core:para> </fn:footnote> </core:para> <core:para edpnum-start="1.1321">If P becomes a party to the proceedings, then service must be effected in accordance with Pt 6 of the COPR. The general rule is that all documents must be served on P's litigation friend or as directed by the court on P's behalf.<fn:footnote fr="1"> <core:para>COPR 2017, r 6.5(1).</core:para> </fn:footnote> </core:para> <!--?xpp chap_1_ent_1572?--> </tr:secmain> <tr:secmain> <core:title>Litigation friend</core:title> <core:para edpnum-start="1.1322">Where P is to be a party and does not have capacity to conduct the proceedings, the court must either appoint a litigation friend to act on their behalf, or appoint an ALR to act without a litigation friend being appointed to act for P.<fn:footnote fr="1"> <core:para>COPR 2017, r 1.2(4).</core:para> </fn:footnote> An order joining P as a party will only take effect where either a litigation friend or an ALR has been appointed.<fn:footnote fr="2"> <core:para>COPR 2017, r 1.2(4).</core:para> </fn:footnote> If the court has directed that P should be joined as a party but it has not taken place because no litigation friend or ALR has been appointed, the court must record in a judgment or order the fact that one has not been appointed, and the reasons given as to why not.<fn:footnote fr="3"> <core:para>COPR 2017, r 1.2(5)(b).</core:para> </fn:footnote> </core:para> <!--?xpp chap_1_ent_1573?--> </tr:secmain> <tr:secmain> <core:title>Role of litigation friend</core:title> <core:para edpnum-start="1.1323">As noted by His Honour Judge Rogers in <core:emph typestyle="it">A County Council v AB</core:emph>,<fn:footnote fr="1"> <core:para> <lnci:cite type="case"> <lnci:content>[2016] EWCOP 41</lnci:content> </lnci:cite>.</core:para> </fn:footnote> the role of a litigation friend is only spelled out in general terms and there is no statute, set of rules or authorities that are prescriptive in terms of how a litigation friend discharges his or her duty.<fn:footnote fr="2"> <core:para> <lnci:cite type="case"> <lnci:content>[2016] EWCOP 41</lnci:content> </lnci:cite> at [33].</core:para> </fn:footnote> </core:para> <core:para edpnum-start="1.1324">In <core:emph typestyle="it">Re NRA</core:emph>,<fn:footnote fr="1"> <core:para> <core:emph typestyle="it">A County Council v AB</core:emph> <lnci:cite type="case"> <lnci:content>[2016] EWCOP 41</lnci:content> </lnci:cite>.</core:para> </fn:footnote> Charles J held at [170] that the role of a litigation friend (and RPR) was to form a view as to what is in the person's best interests and then advance that view in court, although it may not accord with what the person is asserting. It followed that:</core:para> <core:blockquote> <core:quoted-list> <core:quoted-listitem> <core:enum>‘(i)</core:enum> <core:para>anyone performing these roles may well have to advance a solution that does not accord with objections being expressed by P,</core:para> </core:quoted-listitem> <core:quoted-listitem> <core:enum>(ii)</core:enum> <core:para>an independent litigation friend may well have to advance argument that does not accord with P's expressed wishes. Indeed, this is not uncommon, and so</core:para> </core:quoted-listitem> <core:quoted-listitem> <core:enum>(iii)</core:enum> <core:para>the point that P is expressing objections that a family member or friend as P's litigation friend concludes or has concluded do not accord with P's best interests does not of itself preclude a family member or friend being appointed.’</core:para> </core:quoted-listitem> </core:quoted-list> </core:blockquote> <core:para>Moreover, according to Charles J at [144], the litigation friend is not required to advance a case that would accord with the person's wishes if they consider that to do so would be unarguable on the basis that such would not be in their best interests.</core:para> <core:para edpnum-start="1.1325">Some commentators have questioned whether the approach of the litigation friend described by Charles J properly protects P's interests.<fn:footnote fr="1"> <core:para>Alex Ruck Keene, Peter Bartlett and Neil Allen, ‘Litigation friends or foes? Representation of P before the Court of Protection’ (2016) 24(3) <core:emph typestyle="it">Medical Law Review</core:emph> 333–359.</core:para> </fn:footnote> The case of <core:emph typestyle="it">RP v United Kingdom</core:emph> <fn:footnote fr="2"> <core:para>(App no 38245/08)<lnci:cite type="case"> <lnci:content>[2013] 1 FLR 744</lnci:content> </lnci:cite>.</core:para> </fn:footnote> considered how litigation friends should act when representing a parent in care proceedings. The Strasbourg Court held that acting in a person's best interests did not require the Official Solicitor (as litigation friend) ‘to advance any argument RP wishes’ although it was imperative that her views ‘be made known to the domestic court’.<fn:footnote fr="3"> <core:para> <lnci:cite type="case"> <lnci:content>[2013] 1 FLR 744</lnci:content> </lnci:cite> at [76].</core:para> </fn:footnote> It is therefore clear that, as a minimum, the litigation friend must take all necessary steps to relay the individual's wishes and feelings to the court upon the relevant issues in the case.</core:para> <core:para edpnum-start="1.1326">In <core:emph typestyle="it">A County Council v AB</core:emph>,<fn:footnote fr="1"> <core:para> <lnci:cite type="case"> <lnci:content>[2016] EWCOP 41</lnci:content> </lnci:cite>.</core:para> </fn:footnote> Judge Rogers afforded to P's litigation friend the pivotal role in deciding whether P should attend court or otherwise participate in the proceedings. Counsel for the Official Solicitor (AB's litigation friend) had argued that the key decision-maker in respect of P's active participation in the case is the litigation friend, with the Court having no or only a residual duty to overrule.<fn:footnote fr="2"> <core:para> <lnci:cite type="case"> <lnci:content>[2016] EWCOP 41</lnci:content> </lnci:cite> at [8].</core:para> </fn:footnote> The key questions were whether the decisions as to whether P should attend Court and give evidence were decisions for the litigation friend as part of the conduct of proceedings or a best interests' determination for the court. Judge Rogers held that it would be wrong for the court to manage or micro-manage the discharge of the litigation friend's central functions.<fn:footnote fr="3"> <core:para> <lnci:cite type="case"> <lnci:content>[2016] EWCOP 41</lnci:content> </lnci:cite> at [33].</core:para> </fn:footnote> He noted that in the Court of Protection, many litigation friends were professionals and they were often experienced, independent persons.<fn:footnote fr="4"> <core:para> <lnci:cite type="case"> <lnci:content>[2016] EWCOP 41</lnci:content> </lnci:cite> at [33].</core:para> </fn:footnote> Although the court had a residual power to end a litigation friend's appointment, a litigation friend had a wide breadth of discretion as to the conduct of litigation and the court should only intervene in extreme circumstances.<fn:footnote fr="5"> <core:para> <lnci:cite type="case"> <lnci:content>[2016] EWCOP 41</lnci:content> </lnci:cite> at [34]–[35].</core:para> </fn:footnote> In principle, a litigation friend could therefore secure the attendance of a person lacking capacity in the court building or the court room and could tender that person to give evidence.<fn:footnote fr="6"> <core:para> <lnci:cite type="case"> <lnci:content>[2016] EWCOP 41</lnci:content> </lnci:cite> at [35].</core:para> </fn:footnote> Good practice suggested that a constructive dialogue between the litigation friend and the court would be helpful.<fn:footnote fr="7"> <core:para> <lnci:cite type="case"> <lnci:content>[2016] EWCOP 41</lnci:content> </lnci:cite> at [49].</core:para> </fn:footnote> </core:para> <!--?xpp chap_1_ent_1574?--> </tr:secmain> <tr:secmain> <core:title>Who can be litigation friend?</core:title> <!--?xpp chap_1_ent_1575?--> <tr:secsub1> <core:title>Friends/family</core:title> <core:para edpnum-start="1.1327">A person can become a litigation friend for P only if that person:</core:para> <core:list type="lower-alpha"> <core:listitem> <core:para>Can fairly and competently conduct proceedings on behalf of P; and</core:para> </core:listitem> <core:listitem> <core:para>Has no interests adverse to those of P.<fn:footnote fr="1"> <core:para>COPR 2017, r 17.1(1).</core:para> </fn:footnote> </core:para> </core:listitem> </core:list> <core:para edpnum-start="1.1328">The appointment of family members, friends and advocates as P's litigation friend has become increasingly common over the past few years, especially in the context of applications in relation to deprivation of liberty and serious medical treatment. The mere fact that a person (for instance, a family member) has strong views as to where P's best interests lie does not automatically disqualify them from acting as P's litigation friend. Indeed, a person with strong and vocal views may very well be the best ‘champion’ for P. In <core:emph typestyle="it">Re NRA</core:emph>,<fn:footnote fr="1"> <core:para> <lnci:cite type="case"> <lnci:content>[2015] EWCOP 59</lnci:content> </lnci:cite> at [162].</core:para> </fn:footnote> Charles J explained:</core:para> <core:blockquote> <core:para>‘It is also inevitable that such family members or friends will have “an interest” in the outcome of the proceedings because it affects them as well as P. Their role may have continued over the life of P, or may have started when P became less capable of looking after his or her affairs and continued after P lost relevant capacity. In my view, the fact such persons have performed that role, and in doing so have formed firm views, as to where P's best interests lie, and have voiced those views, does not mean that they cannot meet the criteria in Rule 140(1) [now r 17.1(1)] or that they are disqualified from acting as P's litigation friend. This view is supported by, for example, <core:emph typestyle="it">AVS v NHS Foundation Trust and P PCT</core:emph> <lnci:cite type="case"> <lnci:content>[2011] EWCA Civ 7</lnci:content> </lnci:cite> and <core:emph typestyle="it">WCC v AB and SB</core:emph> <lnci:cite type="case"> <lnci:content>[2013] COPLR 157</lnci:content> </lnci:cite> which are cases in which respectively a brother and an aunt were appointed as the litigation friend.</core:para> <core:para>The general reason for this is that the interest of such family members or friends does not give rise to an adverse interest to P and so to a conflict of interest, or otherwise mean that they cannot properly and effectively promote P's best interests. Indeed, in performing their supporting and caring role over the years many such family and friends will have been doing just that by, for example, investigating, negotiating, obtaining and review care and support from public authorities to promote P's best interests at home and in the community.</core:para> <core:para>The performance of that role will often mean that they have “fought P's corner” over a long time to promote his or her best interests and that they are and will be the best or an appropriate litigation friend because they know P best, and will be best placed to ensure the promotion of P's best interests, P's participation in the decisions relating to the care package and the proceedings and a fully informed consideration by the court of the determinative test by:</core:para> <core:quoted-list> <core:quoted-listitem> <core:enum>i)</core:enum> <core:para>eliciting P's wishes and feelings and making them and the matters mentioned in s. 4(6) of the MCA known to the Court without causing P any or any unnecessary distress,</core:para> </core:quoted-listitem> <core:quoted-listitem> <core:enum>ii)</core:enum> <core:para>critically examining from the perspective of P's best interests, and with a detailed knowledge of P, the pros and cons of a care package, and whether it is the least restrictive available option, and</core:para> </core:quoted-listitem> <core:quoted-listitem> <core:enum>iii)</core:enum> <core:para>keeping the implementation of the care package under review and raising points relating to it and changes in P's behaviour or health.’<fn:footnote fr="2"> <core:para> <lnci:cite type="case"> <lnci:content>[2015] EWCOP 59</lnci:content> </lnci:cite> at [162]–[164].</core:para> </fn:footnote> </core:para> </core:quoted-listitem> </core:quoted-list> </core:blockquote> <core:para edpnum-start="1.1329">However, where there is a family dispute concerning P's best interests, it would be rare for it to be appropriate for a family member to be appointed as P's litigation friend in proceedings relating to that dispute. If they were to be so appointed, they would have to ‘demonstrate that he or she can, as P's litigation friend, take a balanced and even-handed approach to the relevant issues. In <core:emph typestyle="it">Re UF</core:emph> <fn:footnote fr="1"> <core:para> <lnci:cite type="case"> <lnci:content>[2013] EWHC 4289 (COP)</lnci:content> </lnci:cite>, <lnci:cite type="case"> <lnci:content>[2014] COPLR 93</lnci:content> </lnci:cite>.</core:para> </fn:footnote> Charles J said at [23]:</core:para> <core:blockquote> <core:para>‘I agree that members of a family, even if there is a family dispute concerning P's best interests could, albeit I think rarely, appropriately act as P's litigation friend in proceedings relating to that dispute. However, it seems to me that he or she would need to demonstrate that he or she can, as P's litigation friend, take a balanced and even-handed approach to the relevant issues. That is a difficult task for a member of the family who is emotionally involved in the issues that are disputed within the family and it seems to me an impossible task for AF to carry out in this case. One only has to look at her statements to see that she is clearly wedded to a particular answer. You do not see within her statements a balanced approach or anything approaching it, such as: “This is the problem. These are the relevant factors for and against”. That is not a criticism. Rather it seems to me that it is a product of the result of there being long-standing family disputes and the existing clear divisions of opinion within the sibling group as to what will best promote UF's best interests.’<fn:footnote fr="2"> <core:para>See also Re NRA at [169], per Charles J.</core:para> </fn:footnote> </core:para> </core:blockquote> <core:para edpnum-start="1.1330">The appointment of family members to act as litigation for P in medical treatment cases is a relatively recent development. In <core:emph typestyle="it">M v A Hospital</core:emph>,<fn:footnote fr="1"> <core:para> <lnci:cite type="case"> <lnci:content>[2017] EWCOP 19</lnci:content> </lnci:cite>.</core:para> </fn:footnote> Peter Jackson J (as he then was), following Charles J in <core:emph typestyle="it">Re NRA</core:emph>,<fn:footnote fr="2"> <core:para> <lnci:cite type="case"> <lnci:content>[2017] EWCOP 19</lnci:content> </lnci:cite> at [158]–[175].</core:para> </fn:footnote> held that there was no rule that the Official Solicitor always had to be appointed as litigation friend in medical treatment cases. In this case, the court had no reason to believe that the mother's ability to act on the patient's behalf was compromised by her family relationship or by her beliefs about her daughter's best interests.<fn:footnote fr="3"> <core:para> <lnci:cite type="case"> <lnci:content>[2017] EWCOP 19</lnci:content> </lnci:cite> at [42]–[43].</core:para> </fn:footnote> </core:para> <core:para edpnum-start="1.1331">In the case of those subject to deprivation of liberty safeguards (DOLS) regime, the courts have specifically endorsed the appointment of P's relevant person's representative (RPR) as their litigation friend. In <core:emph typestyle="it">AB</core:emph>,<fn:footnote fr="1"> <core:para> <lnci:cite type="case"> <lnci:content>[2011] EWHC 3151 (COP)</lnci:content> </lnci:cite>, <lnci:cite type="case"> <lnci:content>[2012] COPLR 314</lnci:content> </lnci:cite>.</core:para> </fn:footnote> Mostyn J emphasised that, prima facie, there was no reason why an RPR cannot act as a litigation friend for P in proceedings under MCA 2005, s 21A.<fn:footnote fr="2"> <core:para>See also <core:emph typestyle="it">Re UF</core:emph> <lnci:cite type="case"> <lnci:content>[2013] EWHC 4289 (COP)</lnci:content> </lnci:cite>, <lnci:cite type="case"> <lnci:content>[2014] COPLR 93</lnci:content> </lnci:cite> at [19], per Charles J.</core:para> </fn:footnote> </core:para> <core:para edpnum-start="1.1332">It has now been clarified that a litigation friend can act in person (ie without instructing legal representatives),<fn:footnote fr="1"> <core:para>See <core:emph typestyle="it">Re NRA</core:emph> <lnci:cite type="case"> <lnci:content>[2015] EWCOP 59</lnci:content> </lnci:cite> at [135].</core:para> </fn:footnote> although, as noted by Charles J in <core:emph typestyle="it">Re NRA</core:emph>, the Official Solicitor regularly instructs solicitors and counsel.<fn:footnote fr="2"> <core:para> <lnci:cite type="case"> <lnci:content>[2015] EWCOP 59</lnci:content> </lnci:cite> at [130].</core:para> </fn:footnote> </core:para> <!--?xpp chap_1_ent_1576?--> </tr:secsub1> <tr:secsub1> <core:title>The Official Solicitor</core:title> <core:para edpnum-start="1.1333">The Official Solicitor describes himself as litigation friend of last resort. This means that he will only consider acting where no suitable and willing person can be identified to act. Further, save in the case of serious medical treatment cases,<fn:footnote fr="1"> <core:para>See <lnci:cite type="paragraph-ref"> <lnci:content>1.1274–1.1277</lnci:content> </lnci:cite>.</core:para> </fn:footnote> even assuming there is no other suitable and willing person, the Official Solicitor will only accept an appointment to act subject to being given suitable security for (a) the costs of any external solicitors he or she retains to act for P; or (b) where he acts as solicitor and conducts the litigation, those costs of so acting. In other words, and while the Official Solicitor does not seek to recover his costs of acting as litigation friend, he must be satisfied that the costs incurred either by external solicitors or by his or her staff in acting as solicitors will be met, whether that be from P's own assets or by way of legal aid. If the Official Solicitor is not given this security he will not act, and if it emerges during the course of proceedings that his legal costs can no longer be met, he will stop acting – and cannot be compelled to continue to act.</core:para> <!--?xpp chap_1_ent_1577?--> </tr:secsub1> </tr:secmain> <tr:secmain> <core:title>Procedure</core:title> <core:para edpnum-start="1.1334">An order appointing a person as a litigation friend can be made either at the court's own initiative or upon application by any person.<fn:footnote fr="1"> <core:para>COPR 2017, r 17.4(2).</core:para> </fn:footnote> Any application must be supported by evidence that will allow the court to be satisfied that:</core:para> <core:list type="lower-alpha"> <core:listitem> <core:para>the proposed litigation friend can fairly and competently conduct proceedings on behalf of the individual in question;<fn:footnote fr="2"> <core:para>COPR 2017, r 17.1(1)(a).</core:para> </fn:footnote> </core:para> </core:listitem> <core:listitem> <core:para>the proposed litigation friend has no interests adverse to the individual in question;<fn:footnote fr="3"> <core:para>COPR 2017, r 17.1(1)(b).</core:para> </fn:footnote> </core:para> </core:listitem> <core:listitem> <core:para>the proposed litigation friend consents to the appointment.<fn:footnote fr="4"> <core:para>COPR 2017, r 17.4(2)(b).</core:para> </fn:footnote> </core:para> </core:listitem> </core:list> <core:para edpnum-start="1.1335">The court has the power, exercisable on its own initiative or at the application of any person to prevent someone acting as a litigation friend (for any party).<fn:footnote fr="1"> <core:para>COPR 2017, r 17.5(1)(a).</core:para> </fn:footnote> Any litigation friend can also be removed by the court on the court's own initiative or on the application of any person.<fn:footnote fr="2"> <core:para>COPR 2017, r 17.5(1)(b).</core:para> </fn:footnote> Where the application is brought on the basis of the litigation friend's conduct, the application must be supported by evidence.<fn:footnote fr="3"> <core:para>COPR 2017, r 17.5(2).</core:para> </fn:footnote> </core:para> <!--?xpp chap_1_ent_1578?--> </tr:secmain> <tr:secmain> <core:title>Accredited Legal Representatives</core:title> <core:para edpnum-start="1.1336">An accredited legal representative (ALR) is defined in r 2.1 as ‘a legal representative authorised pursuant to a scheme approved by the President to represent persons meeting the definition of P in this rule in proceedings before the Court’. The court may appoint an ALR pursuant to r 1.2(2)(b) to represent P in proceedings and to discharge such other functions as the court may direct.</core:para> <core:para edpnum-start="1.1337">Practitioners wishing to act as ALRs must be members of the Law Society's Mental Capacity (Welfare) accreditation scheme, and must have fulfilled the additional requirements for approval under that scheme as an ALR. The accreditation is open to legal practitioners, including solicitors, barristers and fellows of the Chartered Institute of Legal Executives, who offer advice on health and welfare matters under MCA 2005. There is no minimum entry requirement for time spent practising in this area but applicants are asked to demonstrate their experience working in this field over 3 years prior to the application. There are three steps to accreditation:</core:para> <core:list type="lower-alpha"> <core:listitem> <core:para>Completion of a mandatory training course;</core:para> </core:listitem> <core:listitem> <core:para>Submission of an application form; and</core:para> </core:listitem> <core:listitem> <core:para>Interview.</core:para> </core:listitem> </core:list> <core:para>An ALR has the following responsibilities:</core:para> <core:list type="lower-alpha"> <core:listitem> <core:para>A duty to the court to comply with COPR 2017, r 1.2 and to help the court to further the overriding objective;</core:para> </core:listitem> <core:listitem> <core:para>Professional responsibilities to the client and others in line with the relevant regulatory framework applicable to the relevant category of legal representative; and</core:para> </core:listitem> <core:listitem> <core:para>(In legal aid cases) a duty to the LAA to comply with the contracting arrangements.</core:para> </core:listitem> </core:list> <core:para edpnum-start="1.1338">The Law Society has published a Practice Note: <core:emph typestyle="it">Accredited Legal Representatives in the Court of Protection</core:emph> <fn:footnote fr="1"> <core:para>Available at <core:url address="www.lawsociety.org.uk/support-services/advice/practice-notes/accredited-legal-representatives-in-the-court-of-protection/" type="http">www.lawsociety.org.uk/support-services/advice/practice-notes/accredited-legal-representatives-in-the-court-of-protection/</core:url> </core:para> </fn:footnote> which further explains the role of an ALR:</core:para> <core:blockquote> <core:para>‘The Law Society anticipates that the ALR will play an essential role in ensuring that a P who lacks capacity is at the centre of proceedings in the CoP. Given the vulnerability of the client group – who will, by definition, lack capacity to conduct the proceedings – and the importance of the issues litigated in the CoP, those practitioners who are appointed as ALRs must demonstrate high professional and ethical standards to maintain confidence in this sensitive role.’</core:para> </core:blockquote> <core:para edpnum-start="1.1339">On appointment and once funding is secured, the Practice Note suggests that ALRs will then take the sort of steps frequently taken by a solicitor retained by the Official Solicitor acting as litigation friend for P, for example:</core:para> <core:list type="bullet"> <core:listitem> <core:para>Making arrangements to meet P and establish P's wishes and feelings about the decisions being considered by the court; deciding how to keep P informed as the litigation progresses;</core:para> </core:listitem> <core:listitem> <core:para>Notifying the parties and other persons (eg care home staff) of the appointment; filing notices;</core:para> </core:listitem> <core:listitem> <core:para>Obtaining and considering the papers; diarising key dates;</core:para> </core:listitem> <core:listitem> <core:para>Obtaining and considering health and social care and other disclosure records;</core:para> </core:listitem> <core:listitem> <core:para>Ongoing correspondence with the LAA where appropriate;</core:para> </core:listitem> <core:listitem> <core:para>Deciding whether to instruct counsel;</core:para> </core:listitem> <core:listitem> <core:para>Preparing for the next hearing including consideration of how P should take part.</core:para> </core:listitem> </core:list> <core:para edpnum-start="1.1340">The Practice Direction suggests that there might be some cases where an ALR is appointed in the early stages of the case but that subsequently a litigation friend is needed because – for example – the case is more complex than first appeared.</core:para> <core:para edpnum-start="1.1341">In <core:emph typestyle="it">Re PD</core:emph>,<fn:footnote fr="1"> <core:para> <lnci:cite type="case"> <lnci:content>[2015] EWCOP 48</lnci:content> </lnci:cite>, <lnci:cite type="case"> <lnci:content>[2015] COPLR 544</lnci:content> </lnci:cite>.</core:para> </fn:footnote> Baker J considered that the ALRs could play an important role in representing P's interests in applications under Sch 3 MCA for recognition and enforcement of foreign orders. The same sentiment was expressed by Charles J in <core:emph typestyle="it">Re NRA</core:emph> <fn:footnote fr="2"> <core:para> <lnci:cite type="case"> <lnci:content>[2015] EWCOP 59</lnci:content> </lnci:cite>.</core:para> </fn:footnote> and <core:emph typestyle="it">Re JM</core:emph> <fn:footnote fr="3"> <core:para> <lnci:cite type="case"> <lnci:content>[2016] EWCOP 15</lnci:content> </lnci:cite>, <lnci:cite type="case"> <lnci:content>[2016] COPLR 302</lnci:content> </lnci:cite>.</core:para> </fn:footnote> in the context of deprivation of liberty cases.</core:para> <!--?xpp chap_1_ent_1579?--> </tr:secmain> <tr:secmain> <core:title>Rule 1.2 representative</core:title> <core:para edpnum-start="1.1342">One of the options that the court can adopt to ensure the participation of P is to appoint a representative for them ‘to provide the court with information as to the matters set out in section 4(6) of the Act and to discharge such other functions as the court may direct’.<fn:footnote fr="1"> <core:para>COPR 2017, r 1.2(2)(c).</core:para> </fn:footnote> It would, in principle, be possible to appoint a representative even where P is joined as a party to proceedings, but in practice it is likely that a representative will only be appointed where the court has decided that P's participation can be secured other than by joining them. These representatives are commonly known as Rule 1.2 representatives (formally Rule 3A representatives).</core:para> <core:para edpnum-start="1.1343">The court may appoint a Rule 1.2 representative of its own motion or on the application of any person, but only with the consent of the representative.<fn:footnote fr="1"> <core:para>COPR 2017, r 17.10(2).</core:para> </fn:footnote> Such an application must be made using Form COP9 and must be served on all parties, as well as on any current representative or ALR and the proposed representative.<fn:footnote fr="2"> <core:para>COPR 2017, r 17.13.</core:para> </fn:footnote> The representative must be able to discharge his or her functions ‘fairly and competently’.<fn:footnote fr="3"> <core:para>COPR 2017, r 17.9.</core:para> </fn:footnote> </core:para> <core:para edpnum-start="1.1344">Practice Direction 1A envisages a Rule 1.2 representative as being someone with knowledge of P, such as a family member or friend, or an IMCA or Care Act advocate.<fn:footnote fr="1"> <core:para>COPR 2017, r 17.9.</core:para> </fn:footnote> While, in theory, a legally qualified person could be appointed, it is suggested that they would not, if appointed as such a representative, be discharging any functions as a lawyer. If the court wished to appoint the person to act as a lawyer, then it would be required to do so under the provisions relating to ALRs.<fn:footnote fr="2"> <core:para>COPR 2017, r 1.2(2)(b).</core:para> </fn:footnote> </core:para> <core:para edpnum-start="1.1345">In <core:emph typestyle="it">Re NRA</core:emph>,<fn:footnote fr="1"> <core:para> <lnci:cite type="case"> <lnci:content>[2015] EWCOP 59</lnci:content> </lnci:cite>.</core:para> </fn:footnote> Charles J approved the appointment of family members or friends of P, who have ‘fought P's corner’ over the years, in uncontentious cases where a statutory body applies to the court under MCA 2005, ss 15–16 for authority to deprive P of his or her liberty (known as <core:emph typestyle="it">Re X</core:emph> cases). As he indicated, such appointments provide a means of:</core:para> <core:list type="lower-alpha"> <core:listitem> <core:para>Eliciting P's wishes and feelings and making them and the matters mentioned in MCA 2005, s 4(6) known to the court, without causing P any or any unnecessary distress, and</core:para> </core:listitem> <core:listitem> <core:para>Critically examining from the perspective of P's best interests, and with a detailed knowledge of P, the pros and cons of a care package, and whether it is the least restrictive available option.</core:para> </core:listitem> </core:list> <core:para edpnum-start="1.1346">In the context of <core:emph typestyle="it">Re X</core:emph> cases, Charles J drew an express analogy between the role of a Rule 1.2/3A representative and the role of the RPR under MCA 2005, Sch A1. In other words, the role requires a continuing commitment to the representation of P's wishes and feelings and the scrutiny of P's circumstances. In <core:emph typestyle="it">Re VE</core:emph>,<fn:footnote fr="1"> <core:para> <lnci:cite type="case"> <lnci:content>[2016] EWCOP 16</lnci:content> </lnci:cite>.</core:para> </fn:footnote> Charles J set out an extensive list of functions that would be expected of the representative, including:</core:para> <core:list type="lower-alpha"> <core:listitem> <core:para>Checking the court documentation for accuracy;</core:para> </core:listitem> <core:listitem> <core:para>Discussing points of difference with the statutory body making the application;</core:para> </core:listitem> <core:listitem> <core:para>Discussing the package of care and support and the application to the Court with P in so far as P is able to understand them; and ascertaining P's views if this can be done without unnecessary distress including asking P what he thinks about the package of care and support;</core:para> </core:listitem> <core:listitem> <core:para>Deciding whether to support the application;</core:para> </core:listitem> <core:listitem> <core:para>Considering how P should participate in the application; and</core:para> </core:listitem> <core:listitem> <core:para>Preparing a statement to set out all of the above matters.</core:para> </core:listitem> </core:list> <core:para edpnum-start="1.1347">However, and especially outside the context of cases involving the authorisation of deprivation of liberty, the appointment of a representative will not always require the long-term involvement envisaged in <core:emph typestyle="it">Re NRA</core:emph> and <core:emph typestyle="it">Re JM</core:emph>. Such an appointment could be limited to a single report to the judge in, for example, a property and affairs case where the judge does not wish to join P to save P the legal costs but wants to ensure that they have heard a neutral voice relaying P's views to the court.</core:para> <core:para edpnum-start="1.1348">COPR 2017 do not prohibit a Rule 1.2 representative seeking to instruct a lawyer to assist them in the discharge of their duties. COPR 2017, r 17.11 allows any representative appointed under r 1.2 to apply to the court for directions at any time, and does not require notice to be given to the parties. The directions sought may concern the ‘performance, terms of appointment, or continuation of the appointment’.<fn:footnote fr="1"> <core:para>COPR 2017, r 17.11.</core:para> </fn:footnote> An application by the representative must be made on Form COP9. PD1A recognises the possibility that representatives may find themselves in either a personal or professional position where they cannot properly represent P, or provide the court with information about P or carry out functions directed by the court.<fn:footnote fr="2"> <core:para>Para 13.</core:para> </fn:footnote> </core:para> <core:para edpnum-start="1.1349">Other persons may also apply for the appointment of a representative to be brought to an end or varied; and may also apply for orders that a person does not act as a Rule 1.2 representative or for an order that the representative is replaced.<fn:footnote fr="1"> <core:para>COPR 2017, r 17.12(2).</core:para> </fn:footnote> If any such application is based on the conduct of the representative, then this must be supported by evidence.<fn:footnote fr="2"> <core:para>COPR 2017, r 17.12 (2).</core:para> </fn:footnote> The court must bring the appointment of a representative to an end if P has capacity to appoint a representative and does not wish the appointment to continue.<fn:footnote fr="3"> <core:para>COPR 2017, r 17.12(5).</core:para> </fn:footnote> </core:para> <!--?xpp chap_1_ent_1580?--> </tr:secmain> <tr:secmain> <core:title>P attending hearings</core:title> <core:para edpnum-start="1.1350">Whether or not P is a party to the proceedings, he is entitled to attend any hearing by virtue of r 4.1(2)(b). His Honour Rodgers in <core:emph typestyle="it">A County Council v AB</core:emph> <fn:footnote fr="1"> <core:para> <lnci:cite type="case"> <lnci:content>[2016] EWCOP 41</lnci:content> </lnci:cite>.</core:para> </fn:footnote> considered that r 4.1(2)(b) (formerly COPR 2007, r 90), ‘provides or establishes the entitlement of P to attend proceedings. The word “entitlement” or “entitled” is clear’.<fn:footnote fr="2"> <core:para> <lnci:cite type="case"> <lnci:content>[2016] EWCOP 41</lnci:content> </lnci:cite> at [36].</core:para> </fn:footnote> As to whether P should attend the hearing, Judge Rogers considered that that was primarily a question for P's litigation friend:</core:para> <core:blockquote> <core:para>‘… it seems to me in principle that a litigation friend as part of the conduct of that litigation can secure the attendance of P in the court bundle or in the court room and can tender P to give evidence.’</core:para> </core:blockquote> <core:para edpnum-start="1.1351">The Rules do not give any further guidance in relation to when P should attend a hearing. However, Charles J has given (non-binding) guidance ‘Facilitating participation of “P” and vulnerable persons in Court of Protection proceedings',<fn:footnote fr="1"> <core:para>See Part V.</core:para> </fn:footnote> which addresses the question of P's attendance at a hearing at [12]–[13]:</core:para> <core:blockquote> <core:para>‘<core:emph typestyle="un">Attendance at a hearing or hearings</core:emph> </core:para> <core:para>12 P's views should be sought at an early stage as to whether they wish to attend one or more of the court hearings, including meeting with the Judge. Suitable explanations will need to be given to P as to what this may mean, what may happen and what support might be available. Different considerations may apply to P's attendance at an interim directions hearing as opposed to a final hearing or a hearing where P might be giving evidence, or where P might wish simply to listen to the evidence of others.</core:para> <core:para>13 If P wishes to attend a hearing, consideration should be given to the following:</core:para> <core:quoted-list> <core:quoted-listitem> <core:enum>(a)</core:enum> <core:para>The impact on P of the hearing being in public and what directions about this should be sought;</core:para> </core:quoted-listitem> <core:quoted-listitem> <core:enum>(b)</core:enum> <core:para>Liaising with the Court staff as soon as possible in advance to advise them of P's wish to attend, so that they and the Judge are made aware in advance;</core:para> </core:quoted-listitem> <core:quoted-listitem> <core:enum>(c)</core:enum> <core:para>Seeking Court staff views as to how practical arrangements can be made which are proportionate given the demands on Court facilities and other users of the Court;</core:para> </core:quoted-listitem> <core:quoted-listitem> <core:enum>(d)</core:enum> <core:para>Is the Court able to accommodate P's visit? If not, is there another Court able to accommodate P and can this be arranged without disproportionate additional work and resources?</core:para> </core:quoted-listitem> <core:quoted-listitem> <core:enum>(e)</core:enum> <core:para>Whether use of video link would be an alternative option to an attendance by P? Are facilities available and do they actually work? There may be a need to test them in advance;</core:para> </core:quoted-listitem> <core:quoted-listitem> <core:enum>(f)</core:enum> <core:para>What is P's understanding of a Courtroom, a hearing, the issues in the proceedings, what decisions are to be made and when? How can this be enhanced in the time available?</core:para> </core:quoted-listitem> <core:quoted-listitem> <core:enum>(g)</core:enum> <core:para>What assistance can be provided to P to understand what is to be decided at the hearing, who is who, the layout of a Courtroom and who sits where (including P themselves)?</core:para> </core:quoted-listitem> <core:quoted-listitem> <core:enum>(h)</core:enum> <core:para>Would it be helpful for P to be assisted to visit the courtroom before the hearing? Can this be arranged with the Court in practice? Who will accompany P? Is a visit feasible?</core:para> </core:quoted-listitem> <core:quoted-listitem> <core:enum>(i)</core:enum> <core:para>Might P be provided with pictures of the courtroom (for which special permission will be required) (or a courtroom, there are plenty of pictures available on line)? Pictures of the parties and their representatives?</core:para> </core:quoted-listitem> <core:quoted-listitem> <core:enum>(j)</core:enum> <core:para>What practical arrangements might need to be made? For example: </core:para> <core:quoted-list> <core:quoted-listitem> <core:enum>(i)</core:enum> <core:para>Who will accompany P to the hearing and support them throughout, if needed?</core:para> </core:quoted-listitem> <core:quoted-listitem> <core:enum>(ii)</core:enum> <core:para>What time will P need to arrive and how does this fit with P's routine (such as the taking of medication) and any support required?</core:para> </core:quoted-listitem> <core:quoted-listitem> <core:enum>(iii)</core:enum> <core:para>How will P physically access the Courtroom?</core:para> </core:quoted-listitem> <core:quoted-listitem> <core:enum>(iv)</core:enum> <core:para>What arrangements will be made for P's personal care if required?</core:para> </core:quoted-listitem> <core:quoted-listitem> <core:enum>(v)</core:enum> <core:para>Are there accessible toilet facilities if needed?</core:para> </core:quoted-listitem> <core:quoted-listitem> <core:enum>(vi)</core:enum> <core:para>Will P need a side room near the Courtroom for a break and are there facilities for this?</core:para> </core:quoted-listitem> <core:quoted-listitem> <core:enum>(vii)</core:enum> <core:para>Does P have any particular needs which should be considered in advance?</core:para> </core:quoted-listitem> <core:quoted-listitem> <core:enum>(viii)</core:enum> <core:para>Where will P sit in the hearing, and does this need to be discussed and agreed with court staff in advance of the hearing? For example in some cases P might need to be positioned in the hearing so as not to be within eyesight of another party or parties.</core:para> </core:quoted-listitem> <core:quoted-listitem> <core:enum>(ix)</core:enum> <core:para>Are there any safety/security concerns – either relating to P's potential conduct or the conduct of any other person in the courtroom?</core:para> </core:quoted-listitem> </core:quoted-list> <core:para/> </core:quoted-listitem> <core:quoted-listitem> <core:enum>(k)</core:enum> <core:para>Will P need breaks in the proceedings or if P's input on all issues is not required, should the proceedings continue if P wishes to take a break or leave the hearing altogether?</core:para> </core:quoted-listitem> <core:quoted-listitem> <core:enum>(l)</core:enum> <core:para>Where and how will the Court's decision be communicated to P? By the judge in the courtroom or in any side room? In the presence of the parties or in private? Is it possible in appropriate cases to give a summary of the decision to P so as to allow P to leave before the full judgment is given if P wishes?’</core:para> </core:quoted-listitem> </core:quoted-list> </core:blockquote> <core:para edpnum-start="1.1352">Rule 1.2 imposes a duty on the court to consider in each case whether P ‘should have the opportunity to address (directly or indirectly) the judge determining the application and, if so directed, the circumstances in which that should occur’. PD1A does not, however, give any guidance on when it would – or would not – be appropriate for the judge to be addressed directly or indirectly by P, nor the circumstances in which this should occur. Some further guidance is, however, provided by Charles J in ‘Facilitating participation of ‘P’ and vulnerable persons in Court of Protection proceedings' at [15]–[16]:</core:para> <core:blockquote> <core:para>‘<core:emph typestyle="un">P giving ‘information’ to the Court</core:emph> </core:para> <core:para>15 In some cases P may wish to give information to the Court themselves about the issues in the case including P's views as to their best interests. P's litigation friend or representative may propose that such information is provided by P to the Court and parties. The Court of Protection Rules 2007 expressly provide (in Rule 95(e)) [now rule 14.2(e)] for the Court to admit, accept and act upon such information whether or not P is competent to give evidence.</core:para> <core:para>16 Consideration should be given in advance to the following:</core:para> <core:quoted-list> <core:quoted-listitem> <core:enum>(a)</core:enum> <core:para>Does P wish to attend the court and give the information in person?</core:para> </core:quoted-listitem> <core:quoted-listitem> <core:enum>(b)</core:enum> <core:para>Alternatively, or additionally might P wish to be video or audio recorded (this could be on a mobile phone in some cases, as long as a copy is available for the Judge and the parties, and appropriate security and confidentiality assured)? Where might such a recording take place (in Court, outside Court or at P's home or day centre, for example)?</core:para> </core:quoted-listitem> <core:quoted-listitem> <core:enum>(c)</core:enum> <core:para>The impact of the hearing being in public on the choices made;</core:para> </core:quoted-listitem> <core:quoted-listitem> <core:enum>(d)</core:enum> <core:para>How should questions be drafted and posed to P to elicit P's views, minimising leading questions? Who might be best placed to ask P questions to elicit P's views – P's representative or another professional? Will it be necessary to seek advice, for example from an intermediary who has assessed P's communication needs and abilities, to facilitate communication with P?</core:para> </core:quoted-listitem> <core:quoted-listitem> <core:enum>(e)</core:enum> <core:para>In cases where P's communication is such that it is necessary to ask closed or leading questions, can these be broken down and drafted in such a way as to minimise (not avoid altogether) the extent that they lead P? Such work would need to be done in advance.</core:para> </core:quoted-listitem> <core:quoted-listitem> <core:enum>(f)</core:enum> <core:para>What other advance work might need to be undertaken with P by, for example explaining the issues before the Court to P (see above) and ensuring that P knows what they are to be asked about either in person at a hearing or via a recording.’</core:para> </core:quoted-listitem> </core:quoted-list> </core:blockquote> <core:para edpnum-start="1.1353">In <core:emph typestyle="it">A County Council v AB</core:emph>,<fn:footnote fr="1"> <core:para> <lnci:cite type="case"> <lnci:content>[2016] EWCOP 41</lnci:content> </lnci:cite>.</core:para> </fn:footnote> P's main interest was ‘to express his views as to the future not the past, and to provide his expressed wishes as to his own circumstances rather than to give an account of past events'.<fn:footnote fr="2"> <core:para> <lnci:cite type="case"> <lnci:content>[2016] EWCOP 41</lnci:content> </lnci:cite> at [50].</core:para> </fn:footnote> Judge Rogers commented that ‘Simply to regard AB's contribution as forensically worthless without even hearing him is not something I can contemplate’.<fn:footnote fr="3"> <core:para> <lnci:cite type="case"> <lnci:content>[2016] EWCOP 41</lnci:content> </lnci:cite>.</core:para> </fn:footnote> </core:para> <core:para edpnum-start="1.1354">While r 14.2 makes clear that the court may ‘admit, accept and act upon such information, whether oral or written, from P, any protected party or any person who lacks competence to give evidence’, there may be circumstances in which it is necessary or desirable for P to give evidence formally. In such circumstances, Charles J has provided the following guidance:</core:para> <core:blockquote> <core:para>‘<core:emph typestyle="un">P giving evidence to the Court</core:emph> </core:para> <core:para>17 The number of cases where a fact finding hearing is required in the Court of Protection is relatively rare. Within that subset the number of cases where the Court finds that P is competent to give evidence will be rare. Nonetheless it is possible that this situation will arise.</core:para> <core:para>18 Where P is to give evidence the following in particular should be considered:</core:para> <core:quoted-list> <core:quoted-listitem> <core:enum>(a)</core:enum> <core:para>A Ground Rules Hearing to discuss and determine the precise arrangements for P giving evidence;</core:para> </core:quoted-listitem> <core:quoted-listitem> <core:enum>(b)</core:enum> <core:para>P's need for an intermediary should be determined and how this might be funded;</core:para> </core:quoted-listitem> <core:quoted-listitem> <core:enum>(c)</core:enum> <core:para>Careful advance preparation and if possible agreement of questions to be posed to P by the Court and the parties is likely to be required in advance of the Ground Rules Hearing.</core:para> </core:quoted-listitem> </core:quoted-list> <core:para>19 Ground Rules Hearings are regularly used in both criminal and family proceedings involving vulnerable witnesses, and guidance relating to such hearings is likely to be applicable (with appropriate modifications) to situations where P is to give evidence.</core:para> <core:para>20 Similarly, intermediaries are used in both criminal and family proceedings, and the guidance relating to such intermediaries will often be helpful. An intermediary's role is to facilitate communication between the relevant person and the court; it is not to act as advocate or supporter on behalf of the person, or to act as an expert witness. The role is impartial and the intermediary's duty is to the Court. They are not a substitute for a representative.’</core:para> </core:blockquote> <core:para edpnum-start="1.1355">In drawing upon practices and procedures in other jurisdictions to support P giving evidence or addressing the court, the Advocate's Gateway provides some useful tools and advice to assist vulnerable witnesses giving evidence.<fn:footnote fr="1"> <core:para> <core:url address="www.theadvocatesgateway.org/" type="http">www.theadvocatesgateway.org/</core:url> </core:para> </fn:footnote> </core:para> <!--?xpp chap_1_ent_1581?--> </tr:secmain> <tr:secmain> <core:title>Judicial visits to P</core:title> <core:para edpnum-start="1.1356">Reported cases indicate that some judges regularly seek out meetings with P, and growing numbers are adopting this practice.<fn:footnote fr="1"> <core:para>Victoria Butler-Code and Laura Hobey-Hamsher, ‘The assessment of capacity by judges in the Court of Protection’ <lnci:cite type="case"> <lnci:content>[2016] Eld LJ 145</lnci:content> </lnci:cite>.</core:para> </fn:footnote> In <core:emph typestyle="it">Wye Valley Trust v B</core:emph>,<fn:footnote fr="2"> <core:para> <lnci:cite type="case"> <lnci:content>[2015] COPLR 843</lnci:content> </lnci:cite>.</core:para> </fn:footnote> a case involving the decision as to whether it was in Mr B's best interests to amputate his leg, Peter Jackson J (as he then was) commented that ‘given the momentous consequences of the decision either way, I did not feel able to reach a conclusion without meeting Mr B myself’.<fn:footnote fr="3"> <core:para> <lnci:cite type="case"> <lnci:content>[2015] COPLR 843</lnci:content> </lnci:cite> at [18].</core:para> </fn:footnote> He expressed the view that:</core:para> <core:blockquote> <core:para>‘there is no substitute for a face-to-face meeting where the patient would like to happen. The advantages can be considerable, and proved so in this case. In the first place, I obtained a deeper understanding of Mr B's personality and view of the world, supplementing and illuminating the earlier reports. Secondly, Mr B seemed glad to have the opportunity to get his point of view across. To whatever small degree, the meeting may have helped him to understand something of the process and to make sense of whatever decision was then made. Thirdly, the nurses were pleased that Mr B was going to have the fullest opportunity to get his point across. A case like this is difficult for the nursing staff in particular and I hope that the fact that Mr B has been as fully involved as possible will make it easier for them to care for him at what will undoubtedly be a difficult time.’</core:para> </core:blockquote> <core:para edpnum-start="1.1357">In <core:emph typestyle="it">CD</core:emph>,<fn:footnote fr="1"> <core:para> <lnci:cite type="case"> <lnci:content>[2015] EWCOP 74</lnci:content> </lnci:cite>.</core:para> </fn:footnote> Mostyn J referred to Peter Jackson J's judgment in the <core:emph typestyle="it">Wye Valley</core:emph> case and said:</core:para> <core:blockquote> <core:para>‘I took the view that it would be right if I were to meet CD face to face and I did so at the mental hospital on the first day of the hearing. It was an enlightening experience and one which I would recommend to any judge hearing a similar case. Mr Justice Jackson met Mr B and it is obvious from his judgment that the encounter was critically valuable. The reason it was enlightening for me was that the person I met was different in many respects to the person described in the papers. CD was engaging and polite. She was articulate. She was amusing. She listened carefully to questions and answered them equally carefully. True, there were comments that suggested powerful delusional forces; and Dr FH explained that she was heavily medicated. But even so, the person I met was a world away from the violent sociopath described in the papers.’<fn:footnote fr="2"> <core:para> <lnci:cite type="case"> <lnci:content>[2015] EWCOP 74</lnci:content> </lnci:cite> at [31].</core:para> </fn:footnote> </core:para> </core:blockquote> <core:para edpnum-start="1.1358">Judicial visits to P may therefore have the beneficial effect of involving P as far as possible in the decision-making process as well as providing the judge with a better understanding of P's personality and circumstances. Charles J has provided the following guidance on P meeting with the judge at para 14 of ‘Facilitating participation of ‘P’ and vulnerable persons in Court of Protection proceedings':</core:para> <core:blockquote> <core:para>‘If P wishes to meet with the Judge, it must first be determined what the purpose of such a meeting would serve and the court and the parties must be clear about that in the particular case. In addition consideration should be given to:</core:para> <core:quoted-list> <core:quoted-listitem> <core:enum>(a)</core:enum> <core:para>Informing the Judge/regional hub of P's wish, and seeking the Judge's views as soon as possible, providing the Judge and court staff with any relevant information about how such a meeting might take place to maximise P's participation, and seeking their views about what is practicably possible, taking into account the above suggestions;</core:para> </core:quoted-listitem> <core:quoted-listitem> <core:enum>(b)</core:enum> <core:para>Alerting the Judge and court staff to any risk issues which may be relevant for a visit by O to see the Judge at the Courtroom or in the Court building, or for the Judge visiting P at a care home or hospital;</core:para> </core:quoted-listitem> <core:quoted-listitem> <core:enum>(c)</core:enum> <core:para>Who else might attend such a meeting?</core:para> </core:quoted-listitem> <core:quoted-listitem> <core:enum>(d)</core:enum> <core:para>Whether the meeting should be video or audio recorded and if so how and by whom?</core:para> </core:quoted-listitem> <core:quoted-listitem> <core:enum>(e)</core:enum> <core:para>Whether a note is to be taken of the meeting and if so by whom?’</core:para> </core:quoted-listitem> </core:quoted-list> </core:blockquote> <!--?xpp chap_1_ent_1582?--> </tr:secmain> <tr:secmain> <core:title>Conclusion</core:title> <core:para edpnum-start="1.1359">The changes to the Court of Protection Rules and the accredited legal representatives scheme are still in their relatively early stages. Courts and practitioners are still working their way through the ramifications of these changes. Potentially, the system will benefit from the greater flexibility that the new rule allows. It is not, however, free of resource implications. Meaningful participation and representation of P requires suitably qualified and skilled people and funds to be made available. Although the expectation is that the alternatives to full party status in r 1.2 will be broadly cheaper, there are still costs involved. The greater emphasis on direct participation by P, including presence at court and judicial visits, is very likely to have wider resource implications for the court process and facilities, and training for the judiciary and practitioners alike.</core:para> </tr:secmain> </tr:ch> </tr:pub-pt>